Link,Code
https://www.portal.fadnals.lk/order/6992b1e173a95d6f3266918d,="691360"
https://www.portal.fadnals.lk/order/6992b1e273a95d6f32669190,="270598"
https://www.portal.fadnals.lk/order/6992b1e273a95d6f32669193,="37D658"
https://www.portal.fadnals.lk/order/6992b1e373a95d6f32669196,="85F507"
https://www.portal.fadnals.lk/order/6992b1e473a95d6f32669199,="7F0226"
https://www.portal.fadnals.lk/order/6992b1e473a95d6f3266919c,="A51817"
https://www.portal.fadnals.lk/order/6992b1e573a95d6f3266919f,="E3E733"
https://www.portal.fadnals.lk/order/6992b1e673a95d6f326691a2,="F90192"
https://www.portal.fadnals.lk/order/6992b1e673a95d6f326691a5,="B52882"
https://www.portal.fadnals.lk/order/6992b1e773a95d6f326691a8,="81E273"
https://www.portal.fadnals.lk/order/6992b1e773a95d6f326691ab,="F08365"
https://www.portal.fadnals.lk/order/6992b1e873a95d6f326691ae,="B35801"
https://www.portal.fadnals.lk/order/6992b1e973a95d6f326691b1,="D1A862"
https://www.portal.fadnals.lk/order/6992b1e973a95d6f326691b4,="0AF813"
https://www.portal.fadnals.lk/order/6992b1ea73a95d6f326691b7,="304570"
https://www.portal.fadnals.lk/order/6992b1eb73a95d6f326691ba,="EE0776"
https://www.portal.fadnals.lk/order/6992b1eb73a95d6f326691bd,="765174"
https://www.portal.fadnals.lk/order/6992b1ec73a95d6f326691c0,="E5A354"
https://www.portal.fadnals.lk/order/6992b1ed73a95d6f326691c3,="1CA812"
https://www.portal.fadnals.lk/order/6992b1ee73a95d6f326691c6,="905577"
https://www.portal.fadnals.lk/order/6992b1ee73a95d6f326691c9,="995978"
https://www.portal.fadnals.lk/order/6992b1ef73a95d6f326691cc,="63B709"
https://www.portal.fadnals.lk/order/6992b1f073a95d6f326691cf,="2A7952"
https://www.portal.fadnals.lk/order/6992b1f073a95d6f326691d2,="AD6768"
https://www.portal.fadnals.lk/order/6992b1f173a95d6f326691d5,="795475"
https://www.portal.fadnals.lk/order/6992b1f273a95d6f326691d8,="59E753"
https://www.portal.fadnals.lk/order/6992b1f273a95d6f326691db,="472547"
https://www.portal.fadnals.lk/order/6992b1f373a95d6f326691de,="B08156"
https://www.portal.fadnals.lk/order/6992b1f473a95d6f326691e1,="E81401"
https://www.portal.fadnals.lk/order/6992b1f473a95d6f326691e4,="5ED335"
https://www.portal.fadnals.lk/order/6992b1f573a95d6f326691e7,="178489"
https://www.portal.fadnals.lk/order/6992b1f673a95d6f326691ea,="DAE281"
https://www.portal.fadnals.lk/order/6992b1f673a95d6f326691ed,="EF8251"
https://www.portal.fadnals.lk/order/6992b1f773a95d6f326691f0,="A44351"
https://www.portal.fadnals.lk/order/6992b1f873a95d6f326691f3,="408380"
https://www.portal.fadnals.lk/order/6992b1f873a95d6f326691f6,="24F257"
https://www.portal.fadnals.lk/order/6992b1f973a95d6f326691f9,="393257"
https://www.portal.fadnals.lk/order/6992b1fa73a95d6f326691fc,="47A587"
https://www.portal.fadnals.lk/order/6992b1fa73a95d6f326691ff,="8D8529"
https://www.portal.fadnals.lk/order/6992b1fb73a95d6f32669202,="924936"
https://www.portal.fadnals.lk/order/6992b1fc73a95d6f32669205,="305624"
https://www.portal.fadnals.lk/order/6992b1fc73a95d6f32669208,="D14539"
https://www.portal.fadnals.lk/order/6992b1fd73a95d6f3266920b,="EC1512"
https://www.portal.fadnals.lk/order/6992b1fe73a95d6f3266920e,="2EA197"
https://www.portal.fadnals.lk/order/6992b1ff73a95d6f32669211,="2F0318"
https://www.portal.fadnals.lk/order/6992b1ff73a95d6f32669214,="E89465"
https://www.portal.fadnals.lk/order/6992b20073a95d6f32669217,="8ED932"
https://www.portal.fadnals.lk/order/6992b20173a95d6f3266921a,="160832"
https://www.portal.fadnals.lk/order/6992b20173a95d6f3266921d,="1D3505"
https://www.portal.fadnals.lk/order/6992b20273a95d6f32669220,="CAC660"
https://www.portal.fadnals.lk/order/6992b20373a95d6f32669223,="1B8112"
https://www.portal.fadnals.lk/order/6992b20373a95d6f32669226,="297238"
https://www.portal.fadnals.lk/order/6992b20473a95d6f32669229,="85B985"
https://www.portal.fadnals.lk/order/6992b20573a95d6f3266922c,="EAA230"
https://www.portal.fadnals.lk/order/6992b20573a95d6f3266922f,="6C0102"
https://www.portal.fadnals.lk/order/6992b20673a95d6f32669232,="67A874"
https://www.portal.fadnals.lk/order/6992b20773a95d6f32669235,="C18837"
https://www.portal.fadnals.lk/order/6992b20873a95d6f32669238,="58A403"
https://www.portal.fadnals.lk/order/6992b20873a95d6f3266923b,="25F589"
https://www.portal.fadnals.lk/order/6992b20973a95d6f3266923e,="E46161"
https://www.portal.fadnals.lk/order/6992b20a73a95d6f32669241,="D8B781"
https://www.portal.fadnals.lk/order/6992b20a73a95d6f32669244,="7DD496"
https://www.portal.fadnals.lk/order/6992b20b73a95d6f32669247,="A71343"
https://www.portal.fadnals.lk/order/6992b20c73a95d6f3266924a,="7AD690"
https://www.portal.fadnals.lk/order/6992b20c73a95d6f3266924d,="302293"
https://www.portal.fadnals.lk/order/6992b20d73a95d6f32669250,="DE1157"
https://www.portal.fadnals.lk/order/6992b20e73a95d6f32669253,="155525"
https://www.portal.fadnals.lk/order/6992b20e73a95d6f32669256,="FFA564"
https://www.portal.fadnals.lk/order/6992b20f73a95d6f32669259,="DF4628"
https://www.portal.fadnals.lk/order/6992b21073a95d6f3266925c,="571366"
https://www.portal.fadnals.lk/order/6992b21073a95d6f3266925f,="293197"
https://www.portal.fadnals.lk/order/6992b21173a95d6f32669262,="AD9864"
https://www.portal.fadnals.lk/order/6992b21273a95d6f32669265,="805792"
https://www.portal.fadnals.lk/order/6992b21273a95d6f32669268,="60C754"
https://www.portal.fadnals.lk/order/6992b21373a95d6f3266926b,="AC3285"
https://www.portal.fadnals.lk/order/6992b21473a95d6f3266926e,="3A4141"
https://www.portal.fadnals.lk/order/6992b21473a95d6f32669271,="580490"
https://www.portal.fadnals.lk/order/6992b21573a95d6f32669274,="24F160"
https://www.portal.fadnals.lk/order/6992b21673a95d6f32669277,="ED2579"
https://www.portal.fadnals.lk/order/6992b21773a95d6f3266927a,="9A8395"
https://www.portal.fadnals.lk/order/6992b21773a95d6f3266927d,="F0E588"
https://www.portal.fadnals.lk/order/6992b21873a95d6f32669280,="17C574"
https://www.portal.fadnals.lk/order/6992b21973a95d6f32669283,="73A193"
https://www.portal.fadnals.lk/order/6992b21973a95d6f32669286,="83F149"
https://www.portal.fadnals.lk/order/6992b21a73a95d6f32669289,="4E5962"
https://www.portal.fadnals.lk/order/6992b21b73a95d6f3266928c,="C66514"
https://www.portal.fadnals.lk/order/6992b21b73a95d6f3266928f,="1FD940"
https://www.portal.fadnals.lk/order/6992b21c73a95d6f32669292,="0C2749"
https://www.portal.fadnals.lk/order/6992b21d73a95d6f32669295,="2BC429"
https://www.portal.fadnals.lk/order/6992b21d73a95d6f32669298,="F3A800"
https://www.portal.fadnals.lk/order/6992b21e73a95d6f3266929b,="D10670"
https://www.portal.fadnals.lk/order/6992b21f73a95d6f3266929e,="AEC943"
https://www.portal.fadnals.lk/order/6992b21f73a95d6f326692a1,="3B1556"
https://www.portal.fadnals.lk/order/6992b22073a95d6f326692a4,="6B0294"
https://www.portal.fadnals.lk/order/6992b22173a95d6f326692a7,="4E4217"
https://www.portal.fadnals.lk/order/6992b22173a95d6f326692aa,="9CF524"
https://www.portal.fadnals.lk/order/6992b22273a95d6f326692ad,="355688"
https://www.portal.fadnals.lk/order/6992b22373a95d6f326692b0,="23F372"
https://www.portal.fadnals.lk/order/6992b22373a95d6f326692b3,="942944"
https://www.portal.fadnals.lk/order/6992b22473a95d6f326692b6,="267589"
https://www.portal.fadnals.lk/order/6992b28573a95d6f326692ba,="594163"
https://www.portal.fadnals.lk/order/6992b28673a95d6f326692bd,="104315"
https://www.portal.fadnals.lk/order/6992b28773a95d6f326692c0,="A40842"
https://www.portal.fadnals.lk/order/6992b28873a95d6f326692c3,="B03249"
https://www.portal.fadnals.lk/order/6992b28873a95d6f326692c6,="9FA457"
https://www.portal.fadnals.lk/order/6992b28973a95d6f326692c9,="245641"
https://www.portal.fadnals.lk/order/6992b28a73a95d6f326692cc,="947373"
https://www.portal.fadnals.lk/order/6992b28a73a95d6f326692cf,="937869"
https://www.portal.fadnals.lk/order/6992b28b73a95d6f326692d2,="903336"
https://www.portal.fadnals.lk/order/6992b28c73a95d6f326692d5,="563671"
https://www.portal.fadnals.lk/order/6992b28c73a95d6f326692d8,="E36597"
https://www.portal.fadnals.lk/order/6992b28d73a95d6f326692db,="C92131"
https://www.portal.fadnals.lk/order/6992b28e73a95d6f326692de,="D93434"
https://www.portal.fadnals.lk/order/6992b28e73a95d6f326692e1,="97E191"
https://www.portal.fadnals.lk/order/6992b28f73a95d6f326692e4,="F89445"
https://www.portal.fadnals.lk/order/6992b29073a95d6f326692e7,="F3F808"
https://www.portal.fadnals.lk/order/6992b29173a95d6f326692ea,="FC6996"
https://www.portal.fadnals.lk/order/6992b29173a95d6f326692ed,="4BD330"
https://www.portal.fadnals.lk/order/6992b29273a95d6f326692f0,="DF2624"
https://www.portal.fadnals.lk/order/6992b29373a95d6f326692f3,="D14919"
https://www.portal.fadnals.lk/order/6992b29373a95d6f326692f6,="AA2708"
https://www.portal.fadnals.lk/order/6992b29473a95d6f326692f9,="6F9815"
https://www.portal.fadnals.lk/order/6992b29573a95d6f326692fc,="BED829"
https://www.portal.fadnals.lk/order/6992b29573a95d6f326692ff,="BBD914"
https://www.portal.fadnals.lk/order/6992b29673a95d6f32669302,="434156"
https://www.portal.fadnals.lk/order/6992b29773a95d6f32669305,="354134"
https://www.portal.fadnals.lk/order/6992b29873a95d6f32669308,="B2D332"
https://www.portal.fadnals.lk/order/6992b29873a95d6f3266930b,="530435"
https://www.portal.fadnals.lk/order/6992b29973a95d6f3266930e,="312192"
https://www.portal.fadnals.lk/order/6992b29a73a95d6f32669311,="A2B883"
https://www.portal.fadnals.lk/order/6992b29a73a95d6f32669314,="45A427"
https://www.portal.fadnals.lk/order/6992b29b73a95d6f32669317,="351332"
https://www.portal.fadnals.lk/order/6992b29c73a95d6f3266931a,="9C0375"
https://www.portal.fadnals.lk/order/6992b29c73a95d6f3266931d,="8F9927"
https://www.portal.fadnals.lk/order/6992b29d73a95d6f32669320,="84D853"
https://www.portal.fadnals.lk/order/6992b29e73a95d6f32669323,="87A550"
https://www.portal.fadnals.lk/order/6992b29e73a95d6f32669326,="BBE865"
https://www.portal.fadnals.lk/order/6992b29f73a95d6f32669329,="ACD859"
https://www.portal.fadnals.lk/order/6992b2a073a95d6f3266932c,="4D9151"
https://www.portal.fadnals.lk/order/6992b2a073a95d6f3266932f,="C45507"
https://www.portal.fadnals.lk/order/6992b2a173a95d6f32669332,="BD1383"
https://www.portal.fadnals.lk/order/6992b2a273a95d6f32669335,="FDA367"
https://www.portal.fadnals.lk/order/6992b2a373a95d6f32669338,="CC8258"
https://www.portal.fadnals.lk/order/6992b2a373a95d6f3266933b,="81F519"
https://www.portal.fadnals.lk/order/6992b2a473a95d6f3266933e,="E9A329"
https://www.portal.fadnals.lk/order/6992b2a573a95d6f32669341,="A5C433"
https://www.portal.fadnals.lk/order/6992b2a573a95d6f32669344,="C6E909"
https://www.portal.fadnals.lk/order/6992b2a673a95d6f32669347,="DCB837"
https://www.portal.fadnals.lk/order/6992b2a773a95d6f3266934a,="F0C401"
https://www.portal.fadnals.lk/order/6992b2a773a95d6f3266934d,="5CA537"
https://www.portal.fadnals.lk/order/69953eba304e11a142fcd9ad,="EF7287"
https://www.portal.fadnals.lk/order/69958265bf3788271a2ce7f1,="ED9324"
https://www.portal.fadnals.lk/order/6995876cbf3788271a2ce825,="597702"
https://www.portal.fadnals.lk/order/6995876dbf3788271a2ce828,="9E4259"
https://www.portal.fadnals.lk/order/6995876dbf3788271a2ce82b,="23E560"
https://www.portal.fadnals.lk/order/6995876ebf3788271a2ce82e,="C9C159"
https://www.portal.fadnals.lk/order/6995876fbf3788271a2ce831,="979948"
https://www.portal.fadnals.lk/order/6995876fbf3788271a2ce834,="7D8763"
https://www.portal.fadnals.lk/order/69958770bf3788271a2ce837,="392526"
https://www.portal.fadnals.lk/order/69958771bf3788271a2ce83a,="744347"
https://www.portal.fadnals.lk/order/69958771bf3788271a2ce83d,="EEC592"
https://www.portal.fadnals.lk/order/69958772bf3788271a2ce840,="C70665"